{
  "hash": "bf2dd7dd143e10c09c8bbd562f84cac2",
  "result": {
    "engine": "knitr",
    "markdown": "---\ntitle: Explore Earthquakes\nauthor: Charlotte Wickham\n---\n\n::: {.cell}\n\n```{.r .cell-code .hidden}\nlibrary(tidyverse)\n```\n\n::: {.cell-output .cell-output-stderr .hidden}\n\n```\nWarning: package 'tidyverse' was built under R version 4.2.2\n```\n\n\n:::\n\n::: {.cell-output .cell-output-stderr .hidden}\n\n```\n── Attaching packages ─────────────────────────────────────── tidyverse 1.3.2 ──\n✔ ggplot2 3.3.6     ✔ purrr   0.3.4\n✔ tibble  3.1.7     ✔ dplyr   1.0.9\n✔ tidyr   1.2.0     ✔ stringr 1.4.0\n✔ readr   2.1.2     ✔ forcats 0.5.1\n── Conflicts ────────────────────────────────────────── tidyverse_conflicts() ──\n✖ dplyr::filter() masks stats::filter()\n✖ dplyr::lag()    masks stats::lag()\n```\n\n\n:::\n:::\n\n\n\nRead a clean version of data:\n\n\n::: {.cell}\n\n```{.r .cell-code .hidden}\nla_palma <- read_csv(\"la-palma.csv\")\n```\n\n::: {.cell-output .cell-output-stderr .hidden}\n\n```\nRows: 11347 Columns: 5\n── Column specification ────────────────────────────────────────────────────────\nDelimiter: \",\"\ndbl  (4): Longitude, Latitude, Depth(km), Magnitude\ndttm (1): DateTime\n\nℹ Use `spec()` to retrieve the full column specification for this data.\nℹ Specify the column types or set `show_col_types = FALSE` to quiet this message.\n```\n\n\n:::\n:::\n\n\nCreate spatial plot:\n\n\n::: {#cell-fig-spatial-plot .cell}\n\n```{.r .cell-code .hidden}\n#| label: fig-spatial-plot\n#| fig-cap: \"Locations of earthquakes on La Palma since 2017\"\n#| fig-alt: \"A scatterplot of earthquake locations plotting latitude\n#|   against longitude.\"\nla_palma |> \n  ggplot(aes(Longitude, Latitude)) +\n  geom_point(aes(color = Magnitude, size = 40-`Depth(km)`)) +\n  scale_color_viridis_c(direction = -1) + \n  scale_size(range = c(0.5, 2), guide = \"none\") +\n  theme_bw()\n```\n\n::: {.cell-output-display}\n![Locations of earthquakes on La Palma since 2017](explore-earthquakes_files/figure-ipynb/fig-spatial-plot-1.png){#fig-spatial-plot fig-alt='A scatterplot of earthquake locations plotting latitude against longitude.'}\n:::\n:::\n",
    "supporting": [
      "explore-earthquakes_files\\figure-ipynb"
    ],
    "filters": [
      "rmarkdown/pagebreak.lua"
    ],
    "includes": {},
    "engineDependencies": {},
    "preserve": null,
    "postProcess": false
  }
}